Test case,Time (A),Space (A),Time (B),Space (B),Time (C),Space (C),Time (D),Space (D),Time (E),Space (E)
1,0.12495207786560059,1374,0.07736682891845703,704,0.8229608535766602,7341,0.03710794448852539,290,0.021513938903808594,575
2,0.024377107620239258,270,0.05237412452697754,536,0.016937971115112305,187,0.025765180587768555,215,0.016171932220458984,451
3,0.0034148693084716797,52,0.004082918167114258,52,0.004069089889526367,52,0.009469032287597656,52,0.003011941909790039,52
4,0.005839109420776367,81,0.008068084716796875,87,0.0045511722564697266,63,0.007441043853759766,61,0.00279998779296875,79
5,0.05072903633117676,564,0.031132936477661133,232,0.005034923553466797,57,0.013981819152832031,106,0.01246500015258789,188
6,0.010149955749511719,98,0.006443977355957031,65,0.009773015975952148,82,0.006042003631591797,65,0.002925872802734375,65
